{"Your name": "Lamar Y. Emmet", "Occupation in which expenses were incurred": "programm", "17 Add the amounts on line 16 of both columns and enter the total here. Also enter the total on Schedule A (Form 1040), line 20. (Qualified Performing Artists and handicapped employees, see Instructions.) 17": "12804", "Social security number": "A57225-22omputer", "9 Add the amounts on line 8 of both columns and enter the total here. This is an excess reimbursement reportable as income. Add this amount to any amount shown on Form 1040, line 7 9": "0", "13 Add the amounts on line 12 of both columns and enter the total here. This is your fully deductible reimbursed expenses. Also enter the total on Form 1040, line 24 13": "0", "16 Subtract line 15 from line 14 16": "12804", "7 Reimbursements for the expenses listed in Step 1 that your employer did not report to you on Form W-2 or Form 1099 7": "73", "10 Subtract line 7 from line 6. If zero or less, enter zero 10": "18804", "14 Subtract line 12 from line 10 14": "2804", "Note: The amount entered on line 11 must be reported as income on Form 1040.": "O", "6 Add lines 1 through 5 and enter the total expenses here": "12878", "1 Vehicle expense from Part II, line 15 or line 22 1": "12878", "Attachment Sequence No.": "54"}